"","f","ARI","K","dev1","dev2","BIC"
"1",0,0.141199246306195,6,-3676372.34323938,53022.2277107355,7346177.33080004
"2",0.5,0.0908080383175296,6,-3676574.93997534,52321.2102745439,7347943.23089352
"3",1,0.621643544946778,5,-3677435.06207937,53114.4075734602,7348118.40875458
"4",1.5,0.579636478542121,6,-3677407.94122892,55172.7331072262,7343947.51598614
"5",2,0.65458110352139,7,-3676909.00165365,53708.7773837025,7345918.87653347
"6",2.5,0.434227661263075,9,-3677409.55295972,54242.7217224587,7345852.0904681
"7",3,0.535493308476298,7,-3676800.77487351,53696.51718659,7345726.94336743
"8",3.5,0.536614697785925,8,-3677627.15973397,54427.911359396,7345916.92474273
