"","f","ARI","K","dev1","dev2","BIC"
"1",0,0.218437372160376,11,-3057668.00021609,272864.282603884,5838616.17144225
"2",0.5,0.256467270973002,7,-3056379.34096422,271679.169870835,5838158.64358423
"3",1,0.45874784685168,7,-3056018.06803339,273892.68953378,5833134.27580688
"4",1.5,0.500055204766082,8,-3055575.04664318,274021.89681278,5831989.81846844
"5",2,0.479075316516229,9,-3057642.46959526,274273.965785546,5835620.52642709
"6",2.5,0.442735643970148,9,-3056850.08404689,272256.325355106,5838196.2536014
"7",3,0.269014437877618,10,-3057625.1968415,272855.291728859,5838548.54644313
"8",3.5,0.297858894414163,10,-3057220.63032393,272838.100415206,5837773.79603528
