"","f","ARI","K","dev1","dev2","BIC"
"1",0,0.156319740763802,10,-3699165.42006834,222832.906619147,7216620.22416169
"2",0.5,0.546226405676288,4,-3699534.82559984,223764.201312184,7215250.48665495
"3",1,0.571219590844904,5,-3699802.86247883,223698.417313715,7215918.12840986
"4",1.5,0.301181299879828,6,-3699803.78383841,223803.979709647,7215954.80552083
"5",2,0.275799649687233,6,-3698673.54301949,222915.64146198,7215471.00037833
"6",2.5,0.249821552022347,7,-3698201.97170456,225986.857558696,7208508.40514687
"7",3,0.262388647673838,6,-3698946.45824793,223698.349396798,7214451.41496556
"8",3.5,0.255947247828762,7,-3698486.95045034,225293.319187231,7210342.45978951
