"","f","ARI","K","dev1","dev2","BIC"
"1",0,0.13062442105912,9,-3315593.87542433,217069.659273674,6459384.12461219
"2",0.5,0.616160835380841,4,-3315327.12951991,217919.180309271,6457151.59073217
"3",1,0.627478673326913,5,-3314890.23313612,219148.001274893,6453820.15603334
"4",1.5,0.135645376529369,10,-3315002.83712448,219185.32472255,6453970.71711475
"5",2,0.233681341454117,7,-3315368.14601871,217738.528091377,6457961.94530077
"6",2.5,0.242591496960006,10,-3315319.49637207,218670.315147781,6456001.07189467
"7",3,0.179903760498094,10,-3316131.28172908,219845.76130495,6455518.42838448
"8",3.5,0.174878176676405,10,-3316292.35049172,219126.36676857,6457401.69402759
