"","f","ARI","K","dev1","dev2","BIC"
"1",0,0.353963988544863,9,-3840159.54719874,323087.442239774,7307214.60836662
"2",0.5,0.402691168657703,6,-3840221.5948574,324991.122580646,7303277.12696019
"3",1,0.46502554784059,8,-3840943.96019466,324029.97485461,7306644.15308679
"4",1.5,0.440491999155291,8,-3839017.32894625,324866.431131723,7301117.97803575
"5",2,0.472971063420084,10,-3838678.15788093,326344.120593232,7297484.2569821
"6",2.5,0.415914101569465,9,-3839249.56742918,326043.943974816,7299354.53733642
"7",3,0.491590059541527,9,-3841181.80615653,329774.142956829,7295885.72484809
"8",3.5,0.3486352603898,10,-3840715.61617687,326653.069420005,7301322.59998342
