"","f","ARI","K","dev1","dev2","BIC"
"1",0,0.112878619141129,10,-4175809.54878231,251207.878520306,8117219.74430397
"2",0.5,0.597132590353697,6,-4175707.2274047,251872.057222483,8115312.47763796
"3",1,0.633367082883134,6,-4174875.16570558,251388.482387015,8114615.50391065
"4",1.5,0.444129564594218,8,-4175145.1691085,253651.346939193,8110879.29261644
"5",2,0.387059305921386,8,-4175531.18837533,251991.687082519,8115095.40636558
"6",2.5,0.35748520896937,8,-4175006.86308153,251987.916270513,8114054.297402
"7",3,0.365186021695169,8,-4175336.84952265,251107.519282726,8116475.06425981
"8",3.5,0.350482520759472,8,-4175418.5583575,252013.454976992,8114826.61054099
